File,Label
1329638562-58609.jpg,0
956062378-32202.jpg,0
118943055-21826.jpg,1
211517-1778.jpg,0
1001547600-2101.jpg,0
526964795-20414.jpg,0
1531959154-59754.jpg,0
70931608-56075.jpg,1
1131922677-22019.jpg,0
1433916268-33262.jpg,0
1125758038-38409.jpg,0
1504263618-47825.jpg,0
213358807-12941.jpg,0
31636601-14883.jpg,0
66078908-59071.jpg,0
1536414182-33804.jpg,0
1451811484-62947.jpg,0
598134546-17893.jpg,0
133962154-43100.jpg,1
65337612-34.jpg,1
554232838-11932.jpg,0
670033225-30095.jpg,0
807356538-18304.jpg,0
102641636-18336.jpg,0
1027233625-60233.jpg,0
335151828-21319.jpg,0
612433430-34942.jpg,0
367732295-60161.jpg,0
158932273-23566.jpg,1
24971579-2960.jpg,0
840544809-48870.jpg,0
930853005-17158.jpg,0
561225635-15367.jpg,0
383160287-23197.jpg,0
1488026713-43372.jpg,0
1541217936-33914.jpg,0
518416990-32192.jpg,0
532560888-3555.jpg,0
45559239-58294.jpg,1
207547299-30801.jpg,1
13546116-17056.jpg,1
1127363074-57625.jpg,0
175159975-44866.jpg,1
934759072-56217.jpg,0
82145388-7939.jpg,0
1303230517-41155.jpg,0
27959061-59010.jpg,0
100629182-27845.jpg,0
1130041198-34634.jpg,0
795554063-28197.jpg,0
1000344109-4926.jpg,0
374057502-33428.jpg,0
965249898-4106.jpg,0
537613668-49750.jpg,0
1167359243-5424.jpg,0
812515686-42816.jpg,0
691361920-29262.jpg,0
386232380-25901.jpg,0
647914553-31107.jpg,0
1332414905-61252.jpg,0
1492925701-21952.jpg,0
534236-4483.jpg,0
1168819016-8961.jpg,0
261848269-41955.jpg,0
92216817-9876.jpg,0
4904783-7054.jpg,1
366527493-15903.jpg,0
118223295-35159.jpg,0
2087205-23081.jpg,0
8059547-13781.jpg,0
1013733143-42283.jpg,0
1334737317-929.jpg,0
910027399-43340.jpg,0
801556080-12240.jpg,0
1038564338-14119.jpg,0
36940832-61187.jpg,0
1125616486-6759.jpg,0
220239001-11509.jpg,0
443936424-1609.jpg,0
1536822939-64616.jpg,0
1333920054-29759.jpg,0
132734352-27000.jpg,0
308636310-46644.jpg,0
80540738-46705.jpg,1
1468025076-36332.jpg,0
238830249-11582.jpg,0
1325362857-50454.jpg,0
15398458-39235.jpg,0
919338954-18393.jpg,0
938063861-2885.jpg,0
1420531953-26151.jpg,0
1403232341-53515.jpg,0
1332110836-8689.jpg,0
7167910-14155.jpg,0
34023598-22232.jpg,0
762634875-46125.jpg,0
126879147-16861.jpg,0
1082663047-2715.jpg,0
999263086-34905.jpg,0
821148932-55942.jpg,0
353742944-34430.jpg,0
1126223263-34160.jpg,0
295144226-55107.jpg,0
92634749-5444.jpg,1
332615589-60382.jpg,0
1366053257-15996.jpg,0
1058949178-33230.jpg,0
1225010969-6218.jpg,0
23849344-22325.jpg,0
1049358281-31351.jpg,0
844557701-42607.jpg,0
1340055549-25662.jpg,0
1428861306-48211.jpg,0
1438219224-29585.jpg,0
277741190-36130.jpg,0
396431853-11601.jpg,0
1454015229-15024.jpg,0
372544364-9915.jpg,0
75358286-36381.jpg,0
1328553143-61014.jpg,0
1284355212-27483.jpg,0
145041257-25184.jpg,1
828458863-42757.jpg,0
1281335191-9856.jpg,0
1200052163-49451.jpg,0
626447326-1894.jpg,0
245736027-19586.jpg,0
336420702-5970.jpg,0
616335872-37709.jpg,0
1241245593-23837.jpg,0
6635644-5199.jpg,0
35838896-23357.jpg,0
6422242-15438.jpg,1
9653386-19593.jpg,0
1443240898-59109.jpg,0
1011561066-3190.jpg,0
1502152289-12536.jpg,0
46515837-17390.jpg,0
297161549-31626.jpg,0
1059327746-52092.jpg,0
738256421-9492.jpg,0
1083140320-61562.jpg,0
728716718-42806.jpg,0
810116808-55991.jpg,0
136108216-52476.jpg,0
1178563043-47120.jpg,0
86397386-21102.jpg,0
73753478-27632.jpg,1
764244145-17258.jpg,0
407725237-2750.jpg,0
283925086-7199.jpg,0
874565071-7150.jpg,0
1048753842-9708.jpg,0
270317300-9666.jpg,0
662832251-28941.jpg,0
1198011183-21506.jpg,0
28589665-26859.jpg,0
1221337958-25344.jpg,0
100848667-19461.jpg,1
1142324288-60639.jpg,0
1556434488-1367.jpg,1
1412955656-16090.jpg,0
874240929-22169.jpg,0
1431242833-61332.jpg,0
1360513006-3911.jpg,0
1127815361-54455.jpg,0
79232630-44347.jpg,1
1210033309-57386.jpg,0
1048536497-27215.jpg,0
1414746931-18124.jpg,0
1234519605-23703.jpg,0
1218710702-33978.jpg,0
30668335-61618.jpg,0
1545336999-33789.jpg,0
628710029-27341.jpg,0
969851635-21809.jpg,0
823959106-58181.jpg,0
41230191-55897.jpg,1
1088730234-32125.jpg,0
180237007-17994.jpg,1
560129672-54278.jpg,0
402253060-52663.jpg,0
44242541-18324.jpg,0
13647695-60209.jpg,0
44233123-12779.jpg,0
1153159125-50333.jpg,0
1498738860-15255.jpg,0
24243177-22997.jpg,0
731636523-32285.jpg,0
1220460782-12447.jpg,0
1261422866-36159.jpg,0
404236685-29574.jpg,0
696922726-61271.jpg,0
1532545001-6768.jpg,0
948556229-5718.jpg,0
598631638-46692.jpg,0
720824066-16398.jpg,0
1108041015-19608.jpg,0
240042028-39931.jpg,0
475943359-32161.jpg,0
108952528-5248.jpg,1
153279157-47833.jpg,0
562421579-52674.jpg,0
1353555915-6789.jpg,0
437360946-22201.jpg,0
7236285-44020.jpg,1
1185850276-10510.jpg,0
4719785-19782.jpg,1
553342001-15244.jpg,0
43931596-17799.jpg,0
697839177-61715.jpg,0
1041735776-43260.jpg,0
322946397-48841.jpg,0
813241950-61719.jpg,0
636940854-32608.jpg,0
1390240454-7937.jpg,0
7043441-52740.jpg,1
656535333-33240.jpg,0
965428-48538.jpg,1
573041410-3625.jpg,0
371148186-41271.jpg,0
950528802-28864.jpg,0
683560724-60149.jpg,0
1551825813-31781.jpg,1
648844238-6097.jpg,0
662721649-4835.jpg,0
717215291-23081.jpg,0
36696181-12739.jpg,0
696162465-32921.jpg,0
778832275-8818.jpg,0
4388218-11988.jpg,1
1314257304-46463.jpg,0
331011150-55659.jpg,0
978217138-62102.jpg,0
1258052065-20419.jpg,0
57364002-24372.jpg,1
55352032-49322.jpg,0
877354360-50614.jpg,0
109156049-65114.jpg,1
775421796-13115.jpg,0
632622903-6744.jpg,0
1055314248-5088.jpg,0
1326558431-11484.jpg,0
128585902-52690.jpg,0
366816390-1029.jpg,0
251822731-26129.jpg,0
11690734-25837.jpg,0
68540808-57402.jpg,1
1377954745-35352.jpg,0
1208457482-34142.jpg,0
399520199-17864.jpg,0
417822008-8436.jpg,0
937564355-4188.jpg,0
84830840-38600.jpg,1
371727702-26674.jpg,0
1155843277-44649.jpg,0
1326747493-44904.jpg,0
1257210636-41313.jpg,0
816640818-18382.jpg,0
1413048012-61531.jpg,0
781261571-2000.jpg,0
47525568-17666.jpg,0
519938891-5074.jpg,0
823321019-52223.jpg,0
984542536-50655.jpg,0
1380654950-48970.jpg,0
739362237-27601.jpg,0
885743804-14874.jpg,0
57018654-44005.jpg,0
1385762941-3941.jpg,0
1089657447-44183.jpg,0
995244887-29998.jpg,0
140488958-41730.jpg,0
1245945983-48130.jpg,0
26614134-14364.jpg,0
894164840-21467.jpg,0
1014864198-45036.jpg,0
1150125470-38066.jpg,0
217918639-19647.jpg,0
377735969-49406.jpg,0
1384927684-39903.jpg,0
1492325403-36915.jpg,0
860945958-62685.jpg,0
1084720318-61063.jpg,0
1245259090-41384.jpg,0
1077859461-16527.jpg,0
19581802-54171.jpg,1
130706257-15625.jpg,0
305764322-18334.jpg,0
200447945-51892.jpg,1
25231279-63052.jpg,0
254456380-4279.jpg,0
1425716943-21873.jpg,0
697060325-62787.jpg,0
861440558-54783.jpg,0
351946699-42743.jpg,0
751964934-63745.jpg,0
38912515-11824.jpg,0
1009043530-56893.jpg,0
1419541548-47065.jpg,0
1178044456-15547.jpg,0
452830400-54607.jpg,0
1272360329-27657.jpg,0
999156257-59671.jpg,0
68877621-16412.jpg,0
152437436-23591.jpg,0
1319117727-37786.jpg,0
1437641501-34273.jpg,0
1352657143-63536.jpg,0
1364759733-63861.jpg,0
1379443914-52900.jpg,0
97299519-44264.jpg,0
1381751642-35907.jpg,0
1519614028-31692.jpg,0
1521632261-1254.jpg,0
957843767-44487.jpg,0
19471640-48902.jpg,1
497860822-45058.jpg,0
789060659-10789.jpg,0
750433081-33155.jpg,0
1413641249-8909.jpg,0
730018124-55044.jpg,0
971862294-21312.jpg,0
1177829103-31597.jpg,0
543848634-29464.jpg,0
821824337-25836.jpg,0
242555210-40328.jpg,0
1161253307-13152.jpg,0
1566452414-34000.jpg,0
1048857544-16511.jpg,0
181249776-44248.jpg,1
79024507-41295.jpg,1
137893365-26648.jpg,0
1261544886-3409.jpg,0
215223544-34704.jpg,0
1535916690-57772.jpg,0
998064787-3950.jpg,0
1247946187-52491.jpg,0
1386851152-7170.jpg,0
862110759-23269.jpg,0
633225993-46518.jpg,0
959629038-10616.jpg,0
149544891-53243.jpg,0
1478545077-13131.jpg,0
50253700-21583.jpg,0
1306753556-61407.jpg,0
1047755852-52772.jpg,0
715038309-55219.jpg,0
740414713-42981.jpg,0
1156156709-41660.jpg,0
443145298-36048.jpg,0
1217259388-38737.jpg,0
407837452-60136.jpg,0
643151885-63687.jpg,0
86123332-38429.jpg,1
635812717-26470.jpg,0
1557639770-38783.jpg,1
223357536-58223.jpg,0
587658575-9772.jpg,0
737529482-5586.jpg,0
821315368-19742.jpg,0
106748831-56111.jpg,1
87124701-58021.jpg,0
1480964074-11871.jpg,0
769955047-64554.jpg,0
620354122-25005.jpg,0
584045685-59548.jpg,0
699315933-22203.jpg,0
1530429065-28125.jpg,0
854012595-44481.jpg,0
1461219530-3744.jpg,0
103518164-26781.jpg,0
155742194-43315.jpg,1
1484515856-2235.jpg,0
621531920-6931.jpg,0
1218317463-31052.jpg,0
1536228579-62475.jpg,0
564827374-19126.jpg,0
605059555-5434.jpg,0
1546231164-26484.jpg,0
680525316-32060.jpg,0
1079719337-60835.jpg,0
334921102-32703.jpg,0
149116257-44490.jpg,0
1403817139-18115.jpg,0
857157472-12777.jpg,0
445335509-28445.jpg,0
314037556-7969.jpg,0
1561136194-55248.jpg,0
124332164-46566.jpg,0
822337468-36174.jpg,0
751525802-7682.jpg,0
65636570-26867.jpg,0
816023155-2266.jpg,0
1214647885-44790.jpg,0
944164743-59146.jpg,0
431114958-36267.jpg,0
975713805-45785.jpg,0
19454358-14133.jpg,0
39164738-23505.jpg,0
736213799-35931.jpg,0
11062073-31659.jpg,0
1524449670-42724.jpg,0
60174569-14417.jpg,0
800341974-7799.jpg,0
918852949-18196.jpg,0
1257528621-15463.jpg,0
1559849336-4641.jpg,0
1001615004-24913.jpg,0
1456412432-43231.jpg,0
154745042-54613.jpg,1
765749315-52698.jpg,0
1276218874-4922.jpg,0
244539611-9082.jpg,0
890158184-9144.jpg,0
262143040-46530.jpg,0
1144744486-11789.jpg,0
540350483-41806.jpg,0
1132610417-26368.jpg,0
669927609-28020.jpg,0
475845642-9661.jpg,0
237116027-39144.jpg,0
479747601-17669.jpg,0
436141969-54820.jpg,0
146858930-17483.jpg,1
337429041-4146.jpg,0
1353629830-60622.jpg,0
1301811683-23265.jpg,0
481261880-47031.jpg,0
801650967-65003.jpg,0
1336745901-44265.jpg,0
459830026-42835.jpg,0
714826572-63931.jpg,0
709940000-6821.jpg,0
832647892-45167.jpg,0
651520498-302.jpg,0
1447644351-59400.jpg,0
1232846268-30544.jpg,0
77864331-51125.jpg,0
511922524-12018.jpg,0
1291926668-15560.jpg,0
37855445-41835.jpg,0
1392953826-38710.jpg,0
43056270-43190.jpg,1
1175059389-46325.jpg,0
1295052910-34893.jpg,0
1547520327-14205.jpg,0
1051865305-34129.jpg,0
968151035-57172.jpg,0
81894719-65213.jpg,0
1529760590-49382.jpg,0
1094858928-47837.jpg,0
892216476-64844.jpg,0
155839867-51081.jpg,1
1273023749-13038.jpg,0
14249736-6591.jpg,0
47324305-26488.jpg,0
383628588-34453.jpg,0
320146609-33109.jpg,0
16428359-25758.jpg,1
356324542-45826.jpg,0
401419993-9682.jpg,0
1123020244-20403.jpg,0
1477340467-7083.jpg,0
208138424-49638.jpg,0
105386447-13970.jpg,0
505134479-2240.jpg,0
1409060961-30546.jpg,0
1252531785-53160.jpg,0
1087032047-10201.jpg,0
138103591-25494.jpg,0
1158837332-18734.jpg,0
197525836-56426.jpg,1
1212623305-50490.jpg,0
544320280-37826.jpg,0
417511276-28745.jpg,0
714343387-4814.jpg,0
948145106-47729.jpg,0
1063143702-40877.jpg,0
1010127904-8568.jpg,0
416853370-7899.jpg,0
970827279-28149.jpg,0
982511706-11891.jpg,0
282643646-8623.jpg,0
792928110-60226.jpg,0
1111540537-2537.jpg,0
1940479-52003.jpg,0
455826981-52286.jpg,0
167141500-36131.jpg,1
589027893-63772.jpg,0
1196630404-52367.jpg,0
1007746490-59582.jpg,0
1245544206-1986.jpg,0
780563135-34717.jpg,0
621148801-4396.jpg,0
30139354-31722.jpg,0
902434416-24584.jpg,0
1515052192-48580.jpg,0
117530763-41189.jpg,1
607218034-58198.jpg,0
657418796-26039.jpg,0
631956605-17725.jpg,0
1218224214-10867.jpg,0
947152214-16559.jpg,0
589221657-12789.jpg,0
356465459-56053.jpg,0
370547608-15723.jpg,0
1261212092-35157.jpg,0
1486723190-17828.jpg,0
38841794-26679.jpg,0
14824712-38476.jpg,0
755326600-44721.jpg,0
9843108-9136.jpg,1
473518760-9801.jpg,0
47459657-23883.jpg,0
1171150268-13027.jpg,0
784510697-39056.jpg,0
94849501-7442.jpg,0
1320235066-47378.jpg,0
258550811-49194.jpg,0
814556599-55160.jpg,0
572262591-21551.jpg,0
793450405-8600.jpg,0
1014449636-51315.jpg,0
22851252-53940.jpg,0
671363766-13146.jpg,0
769527998-21142.jpg,0
1265622076-13378.jpg,0
763855667-22643.jpg,0
1401461937-33652.jpg,0
678946652-32779.jpg,0
1340548702-46421.jpg,0
84439377-893.jpg,1
491264964-1848.jpg,0
1484445516-55659.jpg,0
116447474-48826.jpg,0
1214162544-4694.jpg,0
836112435-36621.jpg,0
1528333051-64326.jpg,0
1066138149-2972.jpg,0
1507340035-45112.jpg,0
9504170-38312.jpg,0
325956510-49052.jpg,0
1473255693-33810.jpg,0
982616741-18054.jpg,0
1034129478-44710.jpg,0
411119990-30447.jpg,0
1140438175-12298.jpg,0
552846724-51756.jpg,0
16334069-48789.jpg,0
89456035-15271.jpg,1
756926808-7530.jpg,0
291764792-37176.jpg,0
1312261465-40848.jpg,0
1345553600-48937.jpg,0
646238747-59871.jpg,0
1027034186-43362.jpg,0
965161700-30655.jpg,0
79797587-24004.jpg,0
1033248434-18851.jpg,0
819458960-41756.jpg,0
91108885-5491.jpg,0
129017847-16111.jpg,0
378741842-12822.jpg,0
1383539124-13242.jpg,0
1238655668-4803.jpg,0
257028932-39247.jpg,0
689343146-26625.jpg,0
17758664-10821.jpg,1
798114767-18892.jpg,0
1436938221-55392.jpg,0
973718836-23856.jpg,0
1439831002-51290.jpg,0
455622039-14113.jpg,0
1509650887-14258.jpg,0
518957815-60675.jpg,0
1398727244-31268.jpg,0
916620748-12558.jpg,0
1015160165-59042.jpg,0
1360738408-20985.jpg,0
1203554635-60870.jpg,0
737361765-35187.jpg,0
1265844563-17420.jpg,0
843411013-30161.jpg,0
232012320-64957.jpg,0
834946929-15413.jpg,0
285342520-46148.jpg,0
859860163-2823.jpg,0
525523115-41286.jpg,0
1314125517-62827.jpg,0
777951567-26991.jpg,0
504048333-49770.jpg,0
34051393-14928.jpg,0
1379537044-53618.jpg,0
257814397-19281.jpg,0
53364197-17787.jpg,1
1276335527-10664.jpg,0
820649192-25031.jpg,0
1550619601-5125.jpg,1
83534871-51849.jpg,1
89238109-36316.jpg,1
908920073-44619.jpg,0
96233472-27788.jpg,0
1211117181-24905.jpg,0
47774641-11786.jpg,0
480847898-26817.jpg,0
79934482-39388.jpg,1
1018315218-48884.jpg,0
1067852968-18232.jpg,0
1020061841-7747.jpg,0
1005160014-39112.jpg,0
1252619327-9316.jpg,0
119260700-13939.jpg,1
1086416027-33558.jpg,0
1064442249-60824.jpg,0
179063820-8026.jpg,1
748229206-36063.jpg,0
436652921-61348.jpg,0
823421939-20442.jpg,0
813921256-41332.jpg,0
1485439525-6807.jpg,0
216062383-25532.jpg,0
1328633223-1971.jpg,0
46537160-1771.jpg,1
875238433-36431.jpg,0
175056073-24628.jpg,1
350148285-29869.jpg,0
1322320814-28002.jpg,0
833726120-54414.jpg,0
872325-30456.jpg,0
976025977-50781.jpg,0
887946139-38047.jpg,0
590950365-55572.jpg,0
41609950-37764.jpg,0
961761650-29013.jpg,0
1335118934-42925.jpg,0
410129971-20400.jpg,0
1325628909-64609.jpg,0
944653154-29848.jpg,0
1310656470-24310.jpg,0
885152820-59953.jpg,0
581420572-63571.jpg,0
5911958-37285.jpg,0
891253251-11412.jpg,0
1325819917-16551.jpg,0
869415198-27920.jpg,0
1356352864-41514.jpg,0
727552465-25471.jpg,0
313239049-41491.jpg,0
127101679-57168.jpg,0
696645370-18798.jpg,0
1459359076-8583.jpg,0
534321054-15007.jpg,0
39965080-9568.jpg,0
971213117-3314.jpg,0
1469343850-14926.jpg,0
279431563-36634.jpg,0
127924426-40972.jpg,0
36032498-37900.jpg,0
580622895-24350.jpg,0
272256116-6345.jpg,0
996354025-24272.jpg,0
723233014-8284.jpg,0
279011977-51415.jpg,0
964864468-4497.jpg,0
1527215163-39272.jpg,0
800617410-63250.jpg,0
40555197-594.jpg,0
1167940837-64794.jpg,0
747124333-42907.jpg,0
1035032916-43551.jpg,0
13259642-50309.jpg,0
749038634-44155.jpg,0
809923407-62375.jpg,0
1120112410-48046.jpg,0
552639660-63248.jpg,0
132216456-8594.jpg,1
726855918-23263.jpg,0
423958532-9425.jpg,0
1552659107-23722.jpg,1
1070648843-36584.jpg,0
1467815877-31695.jpg,0
426429355-44771.jpg,0
1518853838-37502.jpg,0
931624611-12804.jpg,0
19428177-35515.jpg,1
1361936683-58900.jpg,0
1299424223-14903.jpg,0
234047822-55832.jpg,0
1107115323-58695.jpg,0
572915452-18742.jpg,0
1399215734-29375.jpg,0
1481452145-26989.jpg,0
1367459422-126.jpg,0
682233930-41946.jpg,0
1503339611-748.jpg,0
1437536224-33363.jpg,0
21857711-12364.jpg,0
299929228-573.jpg,0
984425046-46530.jpg,0
542342770-51715.jpg,0
189248930-11840.jpg,1
1320146433-58667.jpg,0
814630956-39177.jpg,0
7183540-18806.jpg,0
48749039-16741.jpg,1
931845074-61537.jpg,0
424126960-15100.jpg,0
1104647877-64848.jpg,0
67498644-1721.jpg,0
125712573-41944.jpg,1
1497626489-32032.jpg,0
26206485-17158.jpg,0
47172398-10709.jpg,0
836619628-41094.jpg,0
1433739227-55608.jpg,0
311434146-10119.jpg,0
21636973-11753.jpg,0
884140268-41349.jpg,0
1105614941-28174.jpg,0
742929097-55373.jpg,0
525964928-56075.jpg,0
120795089-19452.jpg,0
140068143-32479.jpg,0
998638645-31625.jpg,0
71099228-21115.jpg,0
66695952-32191.jpg,0
152189455-48372.jpg,0
31539883-57645.jpg,0
86730475-31763.jpg,1
1504815216-50854.jpg,0
92943314-39468.jpg,0
6186723-40554.jpg,1
1351430593-31459.jpg,0
702549390-55223.jpg,0
1280631691-16961.jpg,0
440721060-60696.jpg,0
1361513176-47080.jpg,0
140832751-52145.jpg,1
391352942-6275.jpg,0
716233120-34379.jpg,0
980861722-6233.jpg,0
1457937515-17035.jpg,0
519511714-61742.jpg,0
51484825-45787.jpg,0
1094636307-44507.jpg,0
9314759-38845.jpg,0
155805186-8314.jpg,1
673461312-43271.jpg,0
24154352-21307.jpg,0
1268811331-23353.jpg,0
607548546-38021.jpg,0
103212209-38625.jpg,0
805454258-27696.jpg,0
1321035596-19409.jpg,0
1302664-11692.jpg,0
67991672-41521.jpg,0
718555734-7006.jpg,0
1019750384-34258.jpg,0
858799-44128.jpg,0
1079415506-29924.jpg,0
1554337004-6295.jpg,1
1460361228-53974.jpg,0
225127525-35500.jpg,0
10768701-59799.jpg,0
588416870-11894.jpg,0
583117978-13171.jpg,0
419210327-47867.jpg,0
1471521746-58900.jpg,0
900245546-15401.jpg,0
1099859895-62643.jpg,0
1399856536-27582.jpg,0
824861153-41538.jpg,0
897628457-56644.jpg,0
558557081-8104.jpg,0
361062732-41124.jpg,0
1345611514-55340.jpg,0
977235766-32094.jpg,0
25646981-36808.jpg,0
1409431038-30445.jpg,0
1213847687-45921.jpg,0
869025102-57817.jpg,0
141199552-59312.jpg,0
684846494-56843.jpg,0
613660049-6777.jpg,0
1444062738-45065.jpg,0
1440410025-17077.jpg,0
783917023-12667.jpg,0
631748655-64899.jpg,0
1357256462-39776.jpg,0
147841980-36227.jpg,0
363427033-7950.jpg,0
98731008-65478.jpg,1
1076413390-23538.jpg,0
940816691-30826.jpg,0
35119166-30893.jpg,0
1325130973-46321.jpg,0
301638123-21175.jpg,0
922848877-52732.jpg,0
1523041992-9353.jpg,0
282729248-18989.jpg,0
1317753446-33420.jpg,0
761215525-11883.jpg,0
664112034-41312.jpg,0
43326968-45587.jpg,0
474745233-52331.jpg,0
453253141-30166.jpg,0
33053340-50895.jpg,0
110788802-8097.jpg,0
101425358-22380.jpg,1
250853617-14554.jpg,0
1277152631-63109.jpg,0
268834607-9780.jpg,0
364248751-50715.jpg,0
1372659123-44972.jpg,0
456458943-27385.jpg,0
470148753-44502.jpg,0
110310188-61694.jpg,1
309160139-36503.jpg,0
756341415-23457.jpg,0
214233953-42884.jpg,0
954427506-32944.jpg,0
72717530-20643.jpg,1
1075342541-798.jpg,0
372310093-9506.jpg,0
1053420346-44031.jpg,0
1505455730-24108.jpg,0
1206011166-6972.jpg,0
538852550-44501.jpg,0
1256648006-21118.jpg,0
372446320-42500.jpg,0
3998205-1441.jpg,0
155025817-47882.jpg,1
780621722-17926.jpg,0
572319668-59161.jpg,0
107467824-43925.jpg,0
1478939397-31372.jpg,0
915140325-23227.jpg,0
290218576-37862.jpg,0
1418649034-28296.jpg,0
483346291-55488.jpg,0
26424720-36667.jpg,0
746140436-35569.jpg,0
1134055323-36955.jpg,0
87946747-19946.jpg,0
808845217-16294.jpg,0
417238675-63918.jpg,0
34920301-62679.jpg,0
402142543-52921.jpg,0
19024158-2595.jpg,1
1235420241-4345.jpg,0
1164130676-63199.jpg,0
136037807-1980.jpg,1
579265068-61676.jpg,0
1045162802-43260.jpg,0
441916014-44812.jpg,0
1013259191-13155.jpg,0
1138636231-55582.jpg,0
1007157650-31034.jpg,0
618944349-11671.jpg,0
1356448428-2199.jpg,0
1023359028-56488.jpg,0
249465175-35706.jpg,0
437155667-28574.jpg,0
1446610137-35889.jpg,0
2480268-25966.jpg,0
699118244-57720.jpg,0
722223666-17371.jpg,0
786032525-9878.jpg,0
1297911948-61479.jpg,0
21705568-28130.jpg,0
1554622337-54201.jpg,1
122469606-57842.jpg,0
1496959334-42713.jpg,0
840827385-1498.jpg,0
316119117-16379.jpg,0
1246623571-41582.jpg,0
807558135-21333.jpg,0
56042642-56327.jpg,1
246725373-10869.jpg,0
1171020542-65335.jpg,0
1283915653-38231.jpg,0
121134014-62949.jpg,0
1115125963-62795.jpg,0
1359738590-44335.jpg,0
1348418638-64056.jpg,0
1407342320-31738.jpg,0
719247697-27008.jpg,0
255243363-12867.jpg,0
486658447-25115.jpg,0
346014262-39793.jpg,0
636354195-61646.jpg,0
1203249927-59225.jpg,0
116202411-64146.jpg,0
733144430-60104.jpg,0
1023946951-59824.jpg,0
68451071-56361.jpg,1
138825235-17964.jpg,1
1142460230-6223.jpg,0
1060836998-59226.jpg,0
1558859070-49860.jpg,0
1465327186-13019.jpg,0
1249135901-4501.jpg,0
1535643645-49700.jpg,0
1057558559-47531.jpg,0
829136575-36103.jpg,0
237626741-31786.jpg,0
778724457-54483.jpg,0
884245026-30966.jpg,0
1278635649-12550.jpg,0
1459265383-27139.jpg,0
77060945-34124.jpg,1
1315856230-60850.jpg,0
601650808-9045.jpg,0
1021020707-20505.jpg,0
1055156930-17069.jpg,0
752425593-44253.jpg,0
753456349-25804.jpg,0
1125340894-57953.jpg,0
126211976-17427.jpg,1
33041288-42465.jpg,0
498342856-17626.jpg,0
791647896-5836.jpg,0
261240949-36633.jpg,0
1019619561-24623.jpg,0
216818383-28146.jpg,0
1192748401-23148.jpg,0
1374540918-4890.jpg,0
428056836-4234.jpg,0
1377219122-40219.jpg,0
1083241489-22072.jpg,0
1478841561-9659.jpg,0
1328757383-30827.jpg,0
131851303-61631.jpg,0
815337074-3399.jpg,0
1125051271-25936.jpg,0
742335590-15539.jpg,0
1543225365-3171.jpg,0
733816392-29246.jpg,0
1494161372-54952.jpg,0
801712579-62404.jpg,0
5137449-62387.jpg,0
151342782-36930.jpg,0
1066954628-46504.jpg,0
413539171-43687.jpg,0
1000933518-46796.jpg,0
144823921-62750.jpg,0
642038708-4506.jpg,0
716122884-34542.jpg,0
1092325447-28640.jpg,0
711631934-51054.jpg,0
1395945662-941.jpg,0
17550386-41927.jpg,0
1189742721-36768.jpg,0
624033941-27613.jpg,0
3229369-46443.jpg,0
651423959-8130.jpg,0
794239776-28938.jpg,0
1552764762-31472.jpg,1
763556095-14726.jpg,0
1041531346-50540.jpg,0
115963368-34558.jpg,0
28348941-20381.jpg,0
575358916-62364.jpg,0
139762531-62090.jpg,0
581816061-37202.jpg,0
1343647216-38620.jpg,0
1565645694-44187.jpg,0
879860143-43305.jpg,0
37292595-52543.jpg,0
160125011-57164.jpg,1
736356450-24387.jpg,0
69818660-29400.jpg,0
17016260-56238.jpg,1
573914530-53530.jpg,0
1487542267-24677.jpg,0
81549956-30649.jpg,0
103461846-64659.jpg,1
1085460210-22813.jpg,0
663648444-33281.jpg,0
243827664-6213.jpg,0
176715980-31929.jpg,1
774035087-56250.jpg,0
1339933276-20992.jpg,0
4538534-30579.jpg,0
1271629207-52701.jpg,0
860649085-57012.jpg,0
1149315866-9101.jpg,0
792639346-16836.jpg,0
1057147567-53743.jpg,0
1166344028-23722.jpg,0
1540411310-11290.jpg,0
10965380-20146.jpg,0
665928515-46385.jpg,0
415456526-42316.jpg,0
754241548-47911.jpg,0
246451759-59669.jpg,0
720132344-15150.jpg,0
348940026-21663.jpg,0
59906794-23973.jpg,0
42343919-34181.jpg,0
941640685-23099.jpg,0
114655729-32740.jpg,0
1109262588-64028.jpg,0
1486158346-28611.jpg,0
557316813-48740.jpg,0
972422274-8948.jpg,0
4348817-29838.jpg,0
1064959854-52549.jpg,0
46256488-49653.jpg,1
179431560-52592.jpg,1
121333741-40714.jpg,0
1174759935-1064.jpg,0
804119886-40468.jpg,0
27295053-38897.jpg,0
317831280-43037.jpg,0
746818039-53148.jpg,0
1465616732-59261.jpg,0
1481828076-7876.jpg,0
702945694-37017.jpg,0
96756105-50720.jpg,0
1211952601-60061.jpg,0
419415561-47890.jpg,0
146909498-31773.jpg,0
444235853-5040.jpg,0
561838909-15070.jpg,0
565164764-39452.jpg,0
686249833-53942.jpg,0
311958190-36052.jpg,0
521741242-15353.jpg,0
129826797-42980.jpg,0
1248121936-15570.jpg,0
913632422-55985.jpg,0
488952768-26043.jpg,0
1268450780-36090.jpg,0
946821059-58495.jpg,0
190554291-61756.jpg,1
1012125611-58535.jpg,0
464334773-20503.jpg,0
351460297-24866.jpg,0
1322430395-43016.jpg,0
1526741778-27183.jpg,0
11819578-8633.jpg,0
1191718390-42904.jpg,0
874748467-23019.jpg,0
790732426-4803.jpg,0
1310458991-36043.jpg,0
1092723090-1559.jpg,0
61316011-63106.jpg,1
721115443-49217.jpg,0
353836109-4155.jpg,0
226628569-25107.jpg,0
1411630361-28016.jpg,0
463922914-20737.jpg,0
802316356-53261.jpg,0
223018028-40418.jpg,0
1137623040-60233.jpg,0
115615235-6391.jpg,1
32449175-10201.jpg,0
559344378-15593.jpg,0
487339374-5002.jpg,0
1214050232-52671.jpg,0
1029956655-51461.jpg,0
1040255146-22073.jpg,0
77115690-44136.jpg,0
810630152-57947.jpg,0
868631110-52751.jpg,0
1165052342-19945.jpg,0
74846773-61926.jpg,1
1222520796-27707.jpg,0
860430539-47066.jpg,0
1135263529-7177.jpg,0
1008421653-10101.jpg,0
1313331382-33229.jpg,0
1030314277-61314.jpg,0
390713679-55487.jpg,0
103228202-5444.jpg,0
1311915242-56673.jpg,0
524751867-27304.jpg,0
1380056701-55797.jpg,0
1463532254-53354.jpg,0
1455727952-40432.jpg,0
122726089-8469.jpg,1
111712321-57655.jpg,1
1506310574-64965.jpg,0
514525691-38274.jpg,0
32102060-925.jpg,0
1043854100-7024.jpg,0
221361085-38189.jpg,0
469036992-62776.jpg,0
91399896-23203.jpg,0
101854241-48758.jpg,0
564939060-63888.jpg,0
967123765-27219.jpg,0
1351763014-5349.jpg,0
1482021907-34450.jpg,0
2741547-24550.jpg,0
819731389-36278.jpg,0
1011719476-32781.jpg,0
707946626-38834.jpg,0
142019157-63179.jpg,1
1432942386-38775.jpg,0
152724693-61968.jpg,1
62718158-16415.jpg,1
287415737-3899.jpg,0
384817826-9625.jpg,0
858161561-46487.jpg,0
590065403-40644.jpg,0
639235131-38684.jpg,0
1370417471-44457.jpg,0
755528050-60294.jpg,0
1143720403-3048.jpg,0
30827891-49679.jpg,0
82555337-39484.jpg,0
349044923-23912.jpg,0
355550114-52538.jpg,0
1096325975-40382.jpg,0
1524912384-8542.jpg,0
1250046465-62391.jpg,0
1225748919-31048.jpg,0
401750252-53866.jpg,0
1183811585-49980.jpg,0
65561945-24330.jpg,1
5390855-36675.jpg,0
815962189-48382.jpg,0
1230627925-65038.jpg,0
1006441561-43868.jpg,0
408354996-45092.jpg,0
1059418686-9833.jpg,0
10832369-40658.jpg,1
1481631801-24344.jpg,0
1417022374-11184.jpg,0
926132403-4495.jpg,0
1131530045-28799.jpg,0
1557932571-56819.jpg,1
625155935-25666.jpg,0
1545921857-36023.jpg,0
997764844-7352.jpg,0
980051578-27519.jpg,0
387715396-44576.jpg,0
409338988-18615.jpg,0
276224778-33782.jpg,0
2931327-19901.jpg,0
95085537-27397.jpg,0
886057094-56206.jpg,0
209718304-7797.jpg,0
1310858105-42708.jpg,0
1389364633-43997.jpg,0
677863394-11184.jpg,0
11654529-22325.jpg,0
132881775-58341.jpg,0
446232061-55060.jpg,0
1154312923-22440.jpg,0
272114587-18397.jpg,0
890341245-47969.jpg,0
1200416973-57966.jpg,0
1498121198-56875.jpg,0
704447904-59644.jpg,0
187129748-65.jpg,1
32113337-22745.jpg,0
263518584-31419.jpg,0
1425120633-16716.jpg,0
915242683-59962.jpg,0
1503757359-604.jpg,0
399035986-42280.jpg,0
1398623105-35922.jpg,0
1477150053-64106.jpg,0
404442724-19375.jpg,0
784159924-10757.jpg,0
387126902-47993.jpg,0
942514620-1058.jpg,0
14982910-32164.jpg,1
1477814991-33701.jpg,0
497525179-37702.jpg,0
427715721-8019.jpg,0
554129417-45475.jpg,0
102336974-30879.jpg,1
1128147630-6530.jpg,0
1452015004-18121.jpg,0
129652165-58144.jpg,1
468645241-20848.jpg,0
312417034-6542.jpg,0
927042270-16188.jpg,0
1194732383-59046.jpg,0
569311302-45182.jpg,0
1139348639-62726.jpg,0
80064316-3944.jpg,1
1199237412-59511.jpg,0
323625960-60986.jpg,0
683962165-10568.jpg,0
924264079-1765.jpg,0
38938239-16753.jpg,0
80601195-15605.jpg,0
636422593-41633.jpg,0
141232296-16155.jpg,0
203758-28873.jpg,1
1024524217-35376.jpg,0
1505924818-30332.jpg,0
606715445-35068.jpg,0
1348659894-58756.jpg,0
1440156412-32612.jpg,0
38664386-30374.jpg,0
330730036-9176.jpg,0
294515146-40848.jpg,0
618427765-3540.jpg,0
1373621384-46863.jpg,0
305650039-43491.jpg,0
71817966-13319.jpg,1
738959960-62790.jpg,0
368651180-23732.jpg,0
2175200-39419.jpg,0
1367827743-5.jpg,0
1556257383-29323.jpg,1
519024024-21481.jpg,0
1112611553-36326.jpg,0
1326942466-14727.jpg,0
1133039239-37859.jpg,0
268244588-2740.jpg,0
79839451-59882.jpg,0
844751526-21861.jpg,0
1329723898-43522.jpg,0
182551083-56123.jpg,1
854220534-60532.jpg,0
1262626907-36957.jpg,0
1269659490-18343.jpg,0
421434658-31612.jpg,0
1068221385-50424.jpg,0
1059225161-32456.jpg,0
223622117-51550.jpg,0
955335792-40930.jpg,0
1033824902-40594.jpg,0
1282339279-41345.jpg,0
1293348294-13158.jpg,0
496549422-59150.jpg,0
878857909-46748.jpg,0
117583612-31304.jpg,0
1049029247-16772.jpg,0
823551692-29278.jpg,0
605748177-9843.jpg,0
330042926-55707.jpg,0
785159123-7209.jpg,0
1037016994-27000.jpg,0
55892670-55600.jpg,0
299218190-609.jpg,0
292529201-38721.jpg,0
133265543-18419.jpg,0
64118800-47291.jpg,1
990233978-44621.jpg,0
1042138807-21341.jpg,0
768732302-63723.jpg,0
817131440-54967.jpg,0
1368159031-14367.jpg,0
281615625-55983.jpg,0
692551929-47081.jpg,0
1360344534-25648.jpg,0
1397150123-37844.jpg,0
996255217-50318.jpg,0
255060960-61222.jpg,0
498144510-17086.jpg,0
148317551-13629.jpg,0
5605275-13625.jpg,0
29814736-41571.jpg,0
692422336-8726.jpg,0
1452514092-63026.jpg,0
1114513855-24029.jpg,0
454221418-17962.jpg,0
968861472-16155.jpg,0
1213133182-46798.jpg,0
681065404-46188.jpg,0
1530956612-41263.jpg,0
293720989-3167.jpg,0
873316153-57415.jpg,0
279760707-59523.jpg,0
1223513903-25663.jpg,0
1425631269-35156.jpg,0
403342920-60536.jpg,0
1310563355-18435.jpg,0
709662740-28941.jpg,0
1294519067-1173.jpg,0
749660480-56061.jpg,0
1522811397-1105.jpg,0
1122329678-13291.jpg,0
680352907-11806.jpg,0
1245752506-17847.jpg,0
101077707-53796.jpg,0
118819330-23234.jpg,1
1240433677-35366.jpg,0
1522049756-60890.jpg,0
88612756-44228.jpg,0
444537775-30985.jpg,0
115568296-25290.jpg,0
572039000-41879.jpg,0
885255239-41469.jpg,0
1294918204-6233.jpg,0
916034088-7151.jpg,0
1005212896-51413.jpg,0
1451451965-13826.jpg,0
1518460032-17848.jpg,0
230251964-59985.jpg,0
1254427636-32686.jpg,0
954752431-11526.jpg,0
4936476-9293.jpg,0
1123615578-33648.jpg,0
1431019029-43163.jpg,0
662646158-6381.jpg,0
772515040-12510.jpg,0
238554212-54729.jpg,0
491314119-44966.jpg,0
50246833-54729.jpg,0
64656764-44463.jpg,0
274513375-53612.jpg,0
965851303-5772.jpg,0
1560949149-10686.jpg,0
1070234078-44243.jpg,0
791225462-6697.jpg,0
148841462-61878.jpg,0
645347036-8027.jpg,0
233865323-53303.jpg,0
1170718946-25108.jpg,0
1259621087-20246.jpg,0
463162612-9980.jpg,0
100562938-57982.jpg,1
698352837-31567.jpg,0
762327552-35157.jpg,0
549029734-27710.jpg,0
418215777-8436.jpg,0
4097463-18154.jpg,0
422331013-20540.jpg,0
911917763-58580.jpg,0
256026565-24841.jpg,0
377033125-36501.jpg,0
8422903-7057.jpg,0
260252842-11654.jpg,0
1478217252-27840.jpg,0
388410145-43061.jpg,0
371218160-60989.jpg,0
1365547317-65296.jpg,0
939138177-57051.jpg,0
262644964-60858.jpg,0
358649954-40054.jpg,0
420359547-36364.jpg,0
431962553-22838.jpg,0
311143157-1784.jpg,0
18216046-50415.jpg,1
154016940-18145.jpg,0
906214639-19622.jpg,0
125539663-31026.jpg,1
170317665-35723.jpg,1
153858536-6298.jpg,0
623338196-51036.jpg,0
9929822-19528.jpg,0
740563325-38184.jpg,0
371511166-60317.jpg,0
767749140-8626.jpg,0
994964302-7398.jpg,0
7147083-47222.jpg,1
178149963-28948.jpg,1
1129537158-63076.jpg,0
825950400-25510.jpg,0
114752037-8388.jpg,0
724336778-12268.jpg,0
565241663-23845.jpg,0
135818194-59130.jpg,1
722122698-3874.jpg,0
926261839-54214.jpg,0
212451069-1988.jpg,0
1061653545-21911.jpg,0
843762126-30154.jpg,0
153229684-30715.jpg,0
1418532724-26746.jpg,0
1050110107-30701.jpg,0
321365081-38050.jpg,0
6317491-54744.jpg,1
1222654788-13601.jpg,0
744320054-4529.jpg,0
635536060-60454.jpg,0
15264723-30479.jpg,0
815045620-34496.jpg,0
867538247-32111.jpg,0
1065814752-41691.jpg,0
934249260-47824.jpg,0
1490263055-6377.jpg,0
225326142-4441.jpg,0
865612305-63744.jpg,0
119056842-24906.jpg,0
1516623238-32676.jpg,0
1287623471-34400.jpg,0
608017892-16613.jpg,0
1190863698-41565.jpg,0
1449516295-18694.jpg,0
1270538604-55953.jpg,0
232720095-29199.jpg,0
548943202-62849.jpg,0
48386689-37498.jpg,0
1022720966-44196.jpg,0
84336456-24457.jpg,0
388624925-26967.jpg,0
49157965-26555.jpg,0
1504921745-58926.jpg,0
74886806-47717.jpg,0
643517839-34768.jpg,0
1082426008-55618.jpg,0
851051259-46632.jpg,0
697924744-55122.jpg,0
1415110715-51203.jpg,0
371852046-57586.jpg,0
1471736141-12316.jpg,0
1154546447-64558.jpg,0
1369462727-20269.jpg,0
153378481-57630.jpg,0
1438411062-1385.jpg,0
2991424-40257.jpg,0
78245742-63056.jpg,1
315656410-31165.jpg,0
4130332-17788.jpg,0
885623699-57194.jpg,0
1388230087-33673.jpg,0
242915881-37851.jpg,0
99945345-63751.jpg,0
1176765439-49459.jpg,0
1475324668-43783.jpg,0
69384144-39950.jpg,0
1344847208-6021.jpg,0
839933168-61170.jpg,0
586941924-61823.jpg,0
506842510-33014.jpg,0
1309015072-40948.jpg,0
764526491-58724.jpg,0
434427535-44793.jpg,0
703761639-45470.jpg,0
37548705-26847.jpg,0
109326099-44634.jpg,0
378132526-33760.jpg,0
563113229-43078.jpg,0
409028270-21215.jpg,0
541444884-28595.jpg,0
536339229-34398.jpg,0
1345850989-61946.jpg,0
672052091-56596.jpg,0
820934399-18670.jpg,0
59355977-33701.jpg,1
1546715899-58571.jpg,0
102478634-55942.jpg,0
562959066-48689.jpg,0
519463545-58141.jpg,0
1234446827-61278.jpg,0
71846257-5354.jpg,0
28939296-8237.jpg,0
979720714-63076.jpg,0
858649085-35345.jpg,0
1089310700-15611.jpg,0
998557658-45517.jpg,0
1544737297-13089.jpg,0
401360445-6101.jpg,0
1047359451-5696.jpg,0
538610761-31759.jpg,0
582125743-5984.jpg,0
1093126748-16585.jpg,0
959522-24658.jpg,0
336534141-49300.jpg,0
688529664-58270.jpg,0
886815443-18066.jpg,0
744857747-50967.jpg,0
191221110-9267.jpg,1
896313365-14970.jpg,0
1514829566-15052.jpg,0
368518149-53481.jpg,0
726551707-3343.jpg,0
70482143-30638.jpg,0
10273869-38038.jpg,0
224062196-34560.jpg,0
56069424-12214.jpg,0
174420538-17452.jpg,1
807651842-45347.jpg,0
117818512-1354.jpg,0
1019037021-2532.jpg,0
906760287-3723.jpg,0
1039910293-25562.jpg,0
505759081-20520.jpg,0
338647640-36830.jpg,0
1399654317-2279.jpg,0
63129653-34785.jpg,0
710216764-5873.jpg,0
601316418-57879.jpg,0
1118439967-36380.jpg,0
1215810295-11325.jpg,0
95824226-28479.jpg,0
1125122919-4569.jpg,0
78419016-9019.jpg,1
300136289-7233.jpg,0
348442995-2930.jpg,0
923311497-5481.jpg,0
744262368-50736.jpg,0
1402142876-178.jpg,0
1492242385-32894.jpg,0
942029410-65224.jpg,0
341845746-35050.jpg,0
6011004-4336.jpg,1
711010266-8944.jpg,0
1104338690-33761.jpg,0
463264549-17314.jpg,0
1282016655-51697.jpg,0
162531610-14671.jpg,1
63779050-11098.jpg,0
1179464758-44206.jpg,0
1152854981-42653.jpg,0
276824278-34061.jpg,0
280212016-8023.jpg,0
364128953-25430.jpg,0
1227020870-20538.jpg,0
88861271-19849.jpg,0
66102633-11136.jpg,0
947946639-19567.jpg,0
777238643-33675.jpg,0
893718772-19320.jpg,0
897844059-29133.jpg,0
1110444731-6903.jpg,0
1470012875-13380.jpg,0
354332367-47198.jpg,0
819531895-35593.jpg,0
844844264-63919.jpg,0
92307641-48514.jpg,0
317040361-39070.jpg,0
1013840850-1109.jpg,0
23071126-44838.jpg,0
3487967-43737.jpg,0
727617738-3611.jpg,0
940728233-7698.jpg,0
1040342518-18408.jpg,0
613233426-4000.jpg,0
653618868-15013.jpg,0
723816545-51457.jpg,0
1276942726-64656.jpg,0
198449431-59286.jpg,1
80784518-11144.jpg,0
1302515117-6864.jpg,0
111452665-53602.jpg,1
1402255031-61882.jpg,0
267652200-45000.jpg,0
1218311-58037.jpg,0
70632674-54855.jpg,1
150192984-61723.jpg,0
1249861075-48400.jpg,0
1129013380-53143.jpg,0
457760892-39799.jpg,0
746338888-20179.jpg,0
1500813254-32570.jpg,0
1434963653-13489.jpg,0
396856417-56756.jpg,0
1208533468-6413.jpg,0
1017545676-49140.jpg,0
446935478-27644.jpg,0
20034795-27479.jpg,1
15099635-54361.jpg,0
176015296-14261.jpg,1
453612226-56993.jpg,0
406911726-12595.jpg,0
323120216-12806.jpg,0
144985809-28752.jpg,0
675363382-5627.jpg,0
889214275-47582.jpg,0
1146034776-3326.jpg,0
1361623373-2729.jpg,0
1382014430-49057.jpg,0
412864627-52626.jpg,0
1422215862-24686.jpg,0
1205333856-48295.jpg,0
1351329110-21650.jpg,0
422721785-37611.jpg,0
652628378-14454.jpg,0
345348169-46327.jpg,0
1158337011-22407.jpg,0
66221136-46211.jpg,1
1259849266-54604.jpg,0
154032099-58636.jpg,1
839563670-4936.jpg,0
107157312-21714.jpg,1
93021844-16353.jpg,1
1217837254-28614.jpg,0
411062665-7111.jpg,0
232236956-62389.jpg,0
1317316541-8716.jpg,0
475429141-5496.jpg,0
825854680-58819.jpg,0
877650681-24520.jpg,0
1147337614-22750.jpg,0
1222253282-58009.jpg,0
1459553953-47111.jpg,0
21524247-24665.jpg,0
639720539-32238.jpg,0
1408451186-16344.jpg,0
1257958399-63221.jpg,0
1237164651-26411.jpg,0
544210568-52381.jpg,0
1196838471-12604.jpg,0
763652942-1503.jpg,0
163118887-63910.jpg,1
485343215-22965.jpg,0
735156446-58310.jpg,0
1141817615-20421.jpg,0
63918553-37366.jpg,1
324348121-38494.jpg,0
1512447855-45030.jpg,0
210949945-27256.jpg,0
365238534-55186.jpg,0
146752324-60256.jpg,0
82309055-13833.jpg,0
331753632-50789.jpg,0
76328523-26053.jpg,0
546127164-60505.jpg,0
1186359269-50661.jpg,0
218527768-52995.jpg,0
5326102-419.jpg,0
730818902-29818.jpg,0
630033249-14791.jpg,0
1427752376-7800.jpg,0
1220156751-53984.jpg,0
96078587-15186.jpg,0
78406300-47138.jpg,0
110849993-753.jpg,0
111189542-61845.jpg,0
409934155-17961.jpg,0
1237030925-17401.jpg,0
43141896-46193.jpg,1
873058293-32726.jpg,0
765429295-2586.jpg,0
37450052-2523.jpg,0
699020664-59944.jpg,0
95245110-64201.jpg,0
54712978-7753.jpg,1
1209047880-45690.jpg,0
917041288-41818.jpg,0
725521838-19392.jpg,0
22216330-32783.jpg,0
701661064-52527.jpg,0
966458538-42534.jpg,0
440038954-47890.jpg,0
34130345-34179.jpg,0
175641185-8492.jpg,1
1126735754-22188.jpg,0
1000654773-42940.jpg,0
7259554-18545.jpg,0
122953043-44819.jpg,1
138641321-55875.jpg,0
148161310-29626.jpg,1
563337484-9254.jpg,0
466932586-52729.jpg,0
1525359480-39215.jpg,0
1079165053-26502.jpg,0
912513083-65189.jpg,0
1438118836-44353.jpg,0
344230666-5291.jpg,0
32656786-8837.jpg,0
634542829-611.jpg,0
1418134964-1037.jpg,0
967421795-39964.jpg,0
1168210058-25432.jpg,0
305144906-40078.jpg,0
325439269-41270.jpg,0
289054438-24425.jpg,0
855620354-13468.jpg,0
1447836266-27988.jpg,0
45412119-11439.jpg,1
930251639-28837.jpg,0
776326627-55108.jpg,0
847614348-48570.jpg,0
72560759-16912.jpg,1
131356595-1119.jpg,0
54597305-33194.jpg,0
1329810304-20251.jpg,0
1558662559-39506.jpg,0
804048123-35339.jpg,0
17799184-59439.jpg,1
1308132979-37444.jpg,0
1564837795-63707.jpg,0
1153621306-58516.jpg,0
661729919-18573.jpg,0
753726098-113.jpg,0
961018456-24322.jpg,0
35804044-11715.jpg,0
1426123574-27894.jpg,0
9686971-6495.jpg,1
465721122-23058.jpg,0
711144067-12623.jpg,0
1554830791-51360.jpg,1
3196431-34962.jpg,0
140446017-54038.jpg,1
358561367-45822.jpg,0
1055042606-22354.jpg,0
890626412-5765.jpg,0
192336302-52043.jpg,1
75338954-13784.jpg,0
43976168-26180.jpg,0
93279201-16972.jpg,0
417657145-9405.jpg,0
689864986-15713.jpg,0
535337291-3474.jpg,0
636726303-56618.jpg,0
675658134-7428.jpg,0
1552438033-32795.jpg,1
30846351-45926.jpg,0
1391335011-14988.jpg,0
296511244-65376.jpg,0
400161743-47350.jpg,0
303942888-21568.jpg,0
1922200-25506.jpg,0
1559216610-8593.jpg,0
557218352-16775.jpg,0
15161542-53016.jpg,0
1235855952-65077.jpg,0
1512245876-40233.jpg,0
136210857-18667.jpg,1
607164234-52783.jpg,0
1324335569-65050.jpg,0
313156380-62681.jpg,0
9608973-8281.jpg,0
113148134-54905.jpg,1
203434290-25910.jpg,1
1044217977-60337.jpg,0
662116385-4327.jpg,0
182329182-20410.jpg,1
1324021055-44516.jpg,0
38371238-54019.jpg,0
74913732-28996.jpg,0
88847315-27634.jpg,1
1450456159-9218.jpg,0
881017132-64391.jpg,0
1043736802-20071.jpg,0
938757084-27437.jpg,0
111447059-57888.jpg,0
962652069-19773.jpg,0
727317807-16975.jpg,0
8153579-25554.jpg,1
342855418-18771.jpg,0
859542032-47311.jpg,0
993260033-26939.jpg,0
45826039-373.jpg,1
1424759394-42121.jpg,0
1065535672-53480.jpg,0
1111139123-55754.jpg,0
398831057-15145.jpg,0
832163295-24819.jpg,0
1270313228-58763.jpg,0
606925200-33483.jpg,0
230858846-49631.jpg,0
894058775-35236.jpg,0
1547113361-27806.jpg,0
50252841-29966.jpg,1
594740714-13255.jpg,0
316428458-11400.jpg,0
915861452-45283.jpg,0
802627108-43472.jpg,0
810064614-62139.jpg,0
60947915-42196.jpg,1
964258724-6316.jpg,0
255861873-31289.jpg,0
10408931-30286.jpg,1
92293626-5371.jpg,0
124957897-57396.jpg,1
628664738-42262.jpg,0
2052638-31972.jpg,1
1517653202-17778.jpg,0
189049698-26973.jpg,1
152510470-17292.jpg,1
1141745353-53961.jpg,0
8838265-27640.jpg,0
41719261-272.jpg,0
224112498-40978.jpg,0
163836263-54577.jpg,1
944060609-4180.jpg,0
870418477-58669.jpg,0
294718891-32803.jpg,0
212163706-20776.jpg,0
495460987-41159.jpg,0
133355011-212.jpg,0
600945243-46137.jpg,0
1324422917-62650.jpg,0
1408010035-2293.jpg,0
375063657-23127.jpg,0
17553847-22929.jpg,1
31734613-8196.jpg,0
200531845-57347.jpg,1
111013456-10593.jpg,0
418732635-49156.jpg,0
383028771-28730.jpg,0
1427533623-31651.jpg,0
93627179-39225.jpg,1
520639218-61798.jpg,0
76924160-6204.jpg,0
142588289-14362.jpg,0
289134158-47114.jpg,0
1132449181-28469.jpg,0
7717194-62015.jpg,0
1054418541-10616.jpg,0
300218282-22640.jpg,0
868732604-34360.jpg,0
87591788-62964.jpg,0
1476415244-27867.jpg,0
1451963451-42055.jpg,0
422963912-25954.jpg,0
1114033377-28718.jpg,0
861056634-44118.jpg,0
288422363-60549.jpg,0
776154333-18813.jpg,0
149445551-1332.jpg,0
1002911151-45070.jpg,0
538558819-57951.jpg,0
17745374-47871.jpg,0
68161708-43387.jpg,0
1433464855-40355.jpg,0
846123495-18533.jpg,0
564651282-35026.jpg,0
282822182-19912.jpg,0
596339190-6260.jpg,0
906318853-51700.jpg,0
642561444-19910.jpg,0
1175954851-26023.jpg,0
199253737-43188.jpg,1
74243704-18342.jpg,1
307959759-7888.jpg,0
945651719-50138.jpg,0
1453412207-20704.jpg,0
180644982-44808.jpg,1
1374829558-11250.jpg,0
770236661-50197.jpg,0
1410124996-45670.jpg,0
248845005-20225.jpg,0
875313665-41606.jpg,0
1224764040-17593.jpg,0
71813989-64434.jpg,0
1180162363-64584.jpg,0
493948479-46570.jpg,0
486748288-13276.jpg,0
863165035-5985.jpg,0
752663881-37467.jpg,0
629935119-50342.jpg,0
1517411620-63146.jpg,0
153457042-37091.jpg,0
252516881-36855.jpg,0
921023888-47299.jpg,0
691145392-56877.jpg,0
133502089-10776.jpg,0
94359080-49603.jpg,0
429529170-20465.jpg,0
64458052-59572.jpg,0
865052871-59983.jpg,0
287928879-7350.jpg,0
828920837-52222.jpg,0
11268754-6906.jpg,1
898041262-6191.jpg,0
1394058338-30610.jpg,0
1022434616-21213.jpg,0
1430832443-59721.jpg,0
41905600-2643.jpg,0
461421328-54817.jpg,0
304612584-52323.jpg,0
455450190-8806.jpg,0
1408526456-6535.jpg,0
955720917-61664.jpg,0
113246342-26811.jpg,1
1434139577-8356.jpg,0
1270424554-46031.jpg,0
1478138101-32678.jpg,0
90503957-45638.jpg,0
1018831862-29735.jpg,0
52016497-54739.jpg,0
1523656858-63296.jpg,0
949252784-64627.jpg,0
95354214-38809.jpg,0
50861072-60350.jpg,0
904152995-26561.jpg,0
277231169-52987.jpg,0
310040271-63413.jpg,0
1528413692-44135.jpg,0
381915214-26481.jpg,0
724239798-58691.jpg,0
323016326-31021.jpg,0
1237516213-28823.jpg,0
67779676-38734.jpg,0
753943169-37063.jpg,0
269745383-42215.jpg,0
146264468-33216.jpg,0
187526710-38132.jpg,1
847343836-58981.jpg,0
1542329937-44289.jpg,0
92786940-22688.jpg,0
788017857-32275.jpg,0
1293715541-25090.jpg,0
897964979-30020.jpg,0
1304629986-16465.jpg,0
773911873-13171.jpg,0
863533581-60776.jpg,0
34711169-31166.jpg,0
926656490-43431.jpg,0
279542575-3937.jpg,0
17261396-21115.jpg,0
350848166-59668.jpg,0
1399065321-38599.jpg,0
491444615-26374.jpg,0
1413243736-24010.jpg,0
987131709-63400.jpg,0
1434455649-11215.jpg,0
1458910762-4869.jpg,0
1509127112-63711.jpg,0
1004559648-42861.jpg,0
122057260-57989.jpg,0
853413332-61334.jpg,0
916958633-47929.jpg,0
1553537475-4503.jpg,1
778328147-47167.jpg,0
1548527940-40480.jpg,1
401515650-5914.jpg,0
1165540141-38220.jpg,0
143315601-45787.jpg,1
115039327-52911.jpg,0
1351514120-13761.jpg,0
1105964461-45298.jpg,0
495832577-37745.jpg,0
1488936911-651.jpg,0
32614816-41616.jpg,0
466625252-52673.jpg,0
27722486-47875.jpg,0
147245748-40637.jpg,1
1437349337-16457.jpg,0
1058453409-11829.jpg,0
1240956670-5737.jpg,0
603235357-5289.jpg,0
595146048-4404.jpg,0
64018078-62617.jpg,0
66114944-16458.jpg,1
1165942852-43536.jpg,0
518248769-18700.jpg,0
446361225-9490.jpg,0
74324325-14906.jpg,0
147293234-28986.jpg,0
1233860906-36340.jpg,0
1011436801-24194.jpg,0
34329791-37806.jpg,0
930630663-33769.jpg,0
1202829830-39323.jpg,0
614022448-40878.jpg,0
979637240-2971.jpg,0
1413757659-45222.jpg,0
418160091-53482.jpg,0
1415819521-12362.jpg,0
847242229-57044.jpg,0
34731243-49905.jpg,0
23177144-62303.jpg,0
675416717-17354.jpg,0
659914055-15420.jpg,0
1175364091-65533.jpg,0
690018775-58911.jpg,0
835461606-18019.jpg,0
65862550-21432.jpg,1
1378827330-5665.jpg,0
433631658-18851.jpg,0
1546356793-4091.jpg,0
855227707-54254.jpg,0
83415154-29061.jpg,1
116238390-28046.jpg,0
144167268-29800.jpg,0
149799851-43475.jpg,0
473950775-48194.jpg,0
1071432645-40610.jpg,0
23741998-1785.jpg,0
379064321-4411.jpg,0
874421206-23765.jpg,0
368249112-25972.jpg,0
384763876-3086.jpg,0
232325046-53395.jpg,0
117620508-39061.jpg,1
100612859-35272.jpg,0
1468459036-42221.jpg,0
820447153-62549.jpg,0
1475433649-13323.jpg,0
1444412684-42781.jpg,0
1114624822-17613.jpg,0
60926182-15012.jpg,0
54531374-50904.jpg,0
98308037-16912.jpg,0
254330978-21518.jpg,0
127442818-31576.jpg,1
156628125-18570.jpg,1
1159557185-40828.jpg,0
1552815204-58822.jpg,1
1036626904-27681.jpg,0
13164557-22505.jpg,0
1346650254-38515.jpg,0
528643953-40323.jpg,0
1256754377-40120.jpg,0
846812977-3542.jpg,0
548832867-6699.jpg,0
528817365-8516.jpg,0
1452351403-16837.jpg,0
1153939652-21986.jpg,0
1219810565-63814.jpg,0
307449833-37353.jpg,0
134522912-64739.jpg,1
784941697-27290.jpg,0
280465402-31108.jpg,0